Types Film,Titres,durée,Genres,Rangement,nbre CD,Fonctionne,Titre Alternatif,Remarques
DVD-Rom,Jf Partagerait Appartement,,Genres,Album,1,Non-Testé,,
DVD-Rom,La Ligue Des Gentlemen Extraordinaire,,Genres,Album,1,Non-Testé,,
DVD-Rom,Le Collectionneur,,Genres,Album,1,Non-Testé,,
DVD-Rom,Upside Of Anger,,Genres,Album,2,Non-Testé,,
DVD-Rom,La Doublure,,Genres,Album,1,Non-Testé,,
DVD-Rom,La Fille Du Président,,Genres,Album,1,Non-Testé,,
DVD-Rom,Le Secret De Terabithia,,Genres,Album,1,Non-Testé,,
DVD-Rom,Star-Wars 2,,Genres,Album,1,Non-Testé,,
DVD-Rom,Star-Wars 3,,Genres,Album,1,Non-Testé,,
DVD-Rom,Les 3 Frères,,Genres,Album,1,Non-Testé,,
DVD-Rom,Roi Lion 3,,Genres,Album,1,Non-Testé,,
DVD-Rom,Scary Movie 3,,Genres,Album,1,Non-Testé,,
DVD-Rom,La Planète Aux Trésors,,Genres,Album,1,Non-Testé,,
DVD-Rom,Peter Pan,,Genres,Album,1,Non-Testé,,
DVD-Rom,Narnia,,Genres,Album,1,Non-Testé,,
DVD-Rom,Millions,,Genres,Album,1,Non-Testé,,
DVD-Rom,Noce Fune=Èbre,,Genres,Album,1,Non-Testé,,
DVD-Rom,Bambi 2,,Genres,Album,1,Non-Testé,,
DVD-Rom,Stuart Little 3,,Genres,Album,1,Non-Testé,,
DVD-Rom,Gregorie Moulin,,Genres,Album,1,Non-Testé,,
DVD-Rom,Mort Ou Vif,,Genres,Album,1,Non-Testé,,
DVD-Rom,Hancock,,Genres,Album,1,Non-Testé,,
DVD-Rom,Presto,,Genres,Album,1,Non-Testé,,
DVD-Rom,Rogue,,Genres,Album,1,Non-Testé,,
DVD-Rom,Ça Se Soigne ?,,Genres,Album,1,Non-Testé,,
DVD-Rom,Indiana Jones 3,,Genres,Album,1,Non-Testé,,
DVD-Rom,Stargate,,Genres,Album,1,Non-Testé,,
DVD-Rom,Deception,,Genres,Album,1,Non-Testé,,
DVD-Rom,Get Smart,,Genres,Album,1,Non-Testé,,
DVD-Rom,Iron Man,,Genres,Album,1,Non-Testé,,
DVD-Rom,Momie 3,,Genres,Album,1,Non-Testé,,
DVD-Rom,X-Files,,Genres,Album,1,Non-Testé,,
DVD-Rom,Stargate : Continuum,,Genres,Album,1,Non-Testé,,
DVD-Rom,Pirates Des Caraïbes 2,,Genres,Album,1,Non-Testé,,
DVD-Rom,Les Choristes,,Genres,Album,1,Non-Testé,,
DVD-Rom,Le Convoyeur,,Genres,Album,1,Non-Testé,,
DVD-Rom,X-Men 3,,Genres,Album,1,Non-Testé,,
DVD-Rom,Man-Thing,,Genres,Album,1,Non-Testé,,
DVD-Rom,"Wu Ji, La Légende Des Cavaliers Du Vent",,Genres,Album,1,Non-Testé,,
DVD-Rom,Une Nuit Au Musée,,Genres,Album,1,Non-Testé,,
DVD-Rom,Bandidas,,Genres,Album,1,Non-Testé,,
DVD-Rom,Jet Set 2,,Genres,Album,1,Non-Testé,,
DVD-Rom,Mon Voisin Le Tueur 2,,Genres,Album,1,Non-Testé,,
DVD-Rom,Balls Of Frezy,,Genres,Album,1,Non-Testé,,Pas sur de l'orthographes
DVD-Rom,Osmosis Jones ,,Genres,Album,1,Non-Testé,,
DVD-Rom,Blown Away,,Genres,Album,1,Non-Testé,,
DVD-Rom,007 Meurs Un Autre Jour,,Genres,Album,1,Non-Testé,,
DVD-Rom,Malabar Princess,,Genres,Album,1,Non-Testé,,
DVD-Rom,Mariages Mixtes,,Genres,Album,1,Non-Testé,,
DVD-Rom,Frères Ours,,Genres,Album,1,Non-Testé,,
DVD-Rom,Movie Epic,,Genres,Album,1,Non-Testé,,
DVD-Rom,Zathura,,Genres,Album,1,Non-Testé,,
DVD-Rom,Espace Détente,,Genres,Album,1,Non-Testé,,
DVD-Rom,Banlieu 13,,Genres,Album,1,Non-Testé,,
DVD-Rom,Lost Highway,,Genres,Album,1,Non-Testé,,
DVD-Rom,Shutter Island,,Genres,Album,1,Non-Testé,,
DVD-Rom,Bruce Tout Puissant,,Genres,Album,1,Non-Testé,,
DVD-Rom,Bad Boys 2,,Genres,Album,1,Non-Testé,,
DVD-Rom,Open Range,,Genres,Album,1,Non-Testé,,
DVD-Rom,Home,,Genres,Album,1,Non-Testé,,
DVD-Rom,Underworld,,Genres,Album,1,Non-Testé,,
DVD-Rom,Kung Pow,,Genres,Album,1,Non-Testé,,
DVD-Rom,Mulholland Drive,,Genres,Album,1,Non-Testé,,
DVD-Rom,Sex Revelations,,Genres,Album,1,Non-Testé,,en VO
DVD-Rom,Cat'S Eyes,,Genres,Album,1,Non-Testé,,
DVD-Rom,Les Chroniques De Spiderwick,,Genres,Album,1,Non-Testé,,
DVD-Rom,Monster,,Genres,Album,1,Non-Testé,,
DVD-Rom,2Fast 2Furious,,Genres,Album,1,Non-Testé,,
DVD-Rom,Le Transporteur,,Genres,Album,2,Non-Testé,,pas trouvé le cd 1
DVD-Rom,August Rush,,Genres,Album,1,Non-Testé,,
DVD-Rom,Gabriel,,Genres,Album,1,Non-Testé,,
DVD-Rom,Entre Chiens Et Loups,,Genres,Album,1,Non-Testé,,
DVD-Rom,Coup De Foudre À Rhode Island,,Genres,Album,1,Non-Testé,dan in real life,
DVD-Rom,Fandango,,Genres,Album,1,Non-Testé,,
DVD-Rom,Le Temps D'Un Automne,,Genres,Album,1,Non-Testé,,
DVD-Rom,Un Fugitif Dans Ma Cour,,Genres,Album,1,Non-Testé,,
DVD-Rom,Piège Au Soleil Levant,,Genres,Album,1,Non-Testé,,
DVD-Rom,Three Ways,,Genres,Album,1,Non-Testé,,
DVD-Rom,The New World,,Genres,Album,1,Non-Testé,,
DVD-Rom,Madison,,Genres,Album,1,Non-Testé,,
DVD-Rom,The Deal,,Genres,Album,1,Non-Testé,,
DVD-Rom,L'Employé Du Mois,,Genres,Album,1,Non-Testé,,
DVD-Rom,Quicksand,,Genres,Album,1,Non-Testé,,
DVD-Rom,L'Empire Des Loups,,Genres,Album,2,Non-Testé,,pas trouvé le cd 1
DVD-Rom,La Moustache,,Genres,Album,1,Non-Testé,,
DVD-Rom,L'Avion,,Genres,Album,1,Non-Testé,,
DVD-Rom,Le Demon De Midi,,Genres,Album,1,Non-Testé,,
DVD-Rom,Les Âmes Grises,,Genres,Album,1,Non-Testé,,
DVD-Rom,Ma Vie En L'Air,,Genres,Album,1,Non-Testé,,
DVD-Rom,Saint-Jacques… La Mecque,,Genres,Album,1,Non-Testé,,
DVD-Rom,Les Larmes Du Soleil,,Genres,Album,1,Non-Testé,,
DVD-Rom,La Couleur Du Mensonge,,Genres,Album,1,Non-Testé,human stain,
DVD-Rom,Underworld 2 : Évolution,,Genres,Album,1,Non-Testé,,
DVD-Rom,Ultime Menace,,Genres,Album,1,Non-Testé,second in command,
DVD-Rom,Miami Vice : Deux Flics À Miami,,Genres,Album,1,Non-Testé,,
DVD-Rom,L'Affaire Cia,,Genres,Album,1,Non-Testé,shadow man,
DVD-Rom,The Eyes 2,,Genres,Album,1,Non-Testé,,
DVD-Rom,Mes Enfants Ne Sont Pas Comme Les Autres,,Genres,Album,1,Non-Testé,,
DVD-Rom,Alone In The Dark,,Genres,Album,1,Non-Testé,,
DVD-Rom,Le Temps D'Une Mélodie,,Genres,Album,1,Non-Testé,,
DVD-Rom,Love Song,,Genres,Album,1,Non-Testé,A Love song for bobby,
DVD-Rom,Papas Chéris,,Genres,Album,1,Non-Testé,My baby's daddy,
DVD-Rom,Un Air De Famille,,Genres,Album,1,Non-Testé,,
DVD-Rom,Land Of Plenty,,Genres,Album,1,Non-Testé,Terre d'Abondance,
DVD-Rom,Asene Lupin,,Genres,Album,1,Non-Testé,,
DVD-Rom,Une Balle Dans Le Dos,,Genres,Album,1,Non-Testé,Undertown,
DVD-Rom,Nikita,,Genres,Album,1,Non-Testé,,
DVD-Rom,Le Seigneur Des Anneaux,,Genres,Album,2,Non-Testé,,ecrit sur 2 cd distinct
DVD-Rom,Million Dollars Baby,,Genres,Album,1,Non-Testé,,
DVD-Rom,La Chute,,Genres,Album,1,Non-Testé,,
DVD-Rom,Hotel Rwanda,,Genres,Album,1,Non-Testé,,
DVD-Rom,Ocean'S Twelve,,Genres,Album,1,Non-Testé,,
DVD-Rom,Lady Chance,,Genres,Album,1,Non-Testé,,
DVD-Rom,Influences,,Genres,Album,1,Non-Testé,People I Know,
DVD-Rom,Neverland,,Genres,Album,1,Non-Testé,,
DVD-Rom,Human Nature,,Genres,Album,1,Non-Testé,,
DVD-Rom,Hollywood Homicide,,Genres,Album,1,Non-Testé,,
DVD-Rom,Dreamcatcher : L'Attrape-Rêves,,Genres,Album,1,Non-Testé,,
DVD-Rom,Charlie,,Genres,Album,1,Non-Testé,,
DVD-Rom,En Toute Franchise,,Genres,Album,1,Non-Testé,,
DVD-Rom,Dr Kinsey,,Genres,Album,1,Non-Testé,,pas sur du tritre
DVD-Rom,She Hate Me,,Genres,Album,1,Non-Testé,,
DVD-Rom,36 Quai Des Orfevres,,Genres,Album,1,Non-Testé,,
DVD-Rom,Un Petit Jeu Sans Conséquences,,Genres,Album,1,Non-Testé,,
DVD-Rom,Le Dernier Signe,,Genres,Album,1,Non-Testé,,
DVD-Rom,Miss Fbi : Divinement Armée,,Genres,Album,1,Non-Testé,Miss Congeniality 2: Armed and Fabulous,
DVD-Rom,Sahara,,Genres,Album,1,Non-Testé,,
DVD-Rom,Les Bronzes,,Genres,Album,1,Non-Testé,,
DVD-Rom,Aviator,,Genres,Album,1,Non-Testé,,
DVD-Rom,Un Long Dimanche De Fiançailles,,Genres,Album,1,Non-Testé,,
DVD-Rom,L'Amour Sans Préavis,,Genres,Album,1,Non-Testé,two weeks notice,
DVD-Rom,Carton Jaune,,Genres,Album,1,Non-Testé,Fever Pitch,
DVD-Rom,Profession Profiler,,Genres,Album,1,Non-Testé,mindhunters,A verifier
DVD-Rom,Le Plus Beau Jour De Ma Vie,,Genres,Album,1,Non-Testé,,
DVD-Rom,Northfork,,Genres,Album,1,Non-Testé,,
DVD-Rom,Mystic River,,Genres,Album,1,Non-Testé,,
DVD-Rom,Les Soeurs Fachées,,Genres,Album,1,Non-Testé,,
DVD-Rom,Un Amour Comme Ça,,Genres,Album,1,Non-Testé,,
DVD-Rom,Constatntine,,Genres,Album,1,Non-Testé,,
DVD-Rom,The Jacket,,Genres,Album,1,Non-Testé,,
DVD-Rom,Mr. Et Mrs. Smith,,Genres,Album,1,Non-Testé,,
DVD-Rom,"L'Un Reste, L'Autre Part",,Genres,Album,1,Non-Testé,,
DVD-Rom,White Noise,,Genres,Album,1,Non-Testé,,
DVD-Rom,Instincts Meurtriers,,Genres,Album,1,Non-Testé,,
DVD-Rom,L'Armèes Des 12 Singes,,Genres,Album,1,Non-Testé,,
DVD-Rom,"Bigard, Stade De France",,Spectacle,Album,2,Non-Testé,,
DVD-Rom,The Wall,,Genres,Album,1,Non-Testé,,pink floyd: the wall mais à verifier
DVD-Rom,Submerged,,Genres,Album,1,Non-Testé,,
DVD-Rom,Saw,,Genres,Album,1,Non-Testé,,
DVD-Rom,Man Of Fire,,Genres,Album,1,Non-Testé,,
DVD-Rom,Une Si Belle Famille,,Genres,Album,1,Non-Testé,,
DVD-Rom,Blind Horizon,,Genres,Album,1,Non-Testé,,
DVD-Rom,Mission Impossible 2,,Genres,Album,1,Non-Testé,,
DVD-Rom,Furtif,,Genres,Album,1,Non-Testé,Stealth,
DVD-Rom,Van Helsing,,Genres,Album,1,Non-Testé,,
DVD-Rom,La Ferme En Folie,,Genres,Album,1,Non-Testé,,
DVD-Rom,Les Hommes De Main,,Genres,Album,1,Non-Testé,,
DVD-Rom,Seven,,Genres,Album,1,Non-Testé,,
DVD-Rom,Aquamarine,,Genres,Album,1,Non-Testé,,
DVD-Rom,Lady Vengeance,,Genres,Album,1,Non-Testé,Sympathy for Lady Vengeance,
DVD-Rom,Hand Cops Invicible Prime ,,Genres,Album,1,Non-Testé,,ne sais pas differencier les titres /films non trouvé
DVD-Rom,Vanilla Sky,,Genres,Album,1,Non-Testé,,
DVD-Rom,Planète Hurlante,,Genres,Album,1,Non-Testé,,
DVD-Rom,Ivresse Et Conséquences,,Genres,Album,1,Non-Testé,,
DVD-Rom,Bob Le Majordome,,Genres,Album,1,Non-Testé,bob the butler,
DVD-Rom,Edy,,Genres,Album,1,Non-Testé,,
DVD-Rom,L'Homme Parfait,,Genres,Album,1,Non-Testé,,
DVD-Rom,Tout Ou Rien,,Genres,Album,1,Non-Testé,,
DVD-Rom,Nicoting,,Genres,Album,1,Non-Testé,,titre pas sur
DVD-Rom,The Adult Of Skartboy,,Genres,Album,1,Non-Testé,,titre pas sur
DVD-Rom,Dreamer,,Genres,Album,1,Non-Testé,,
DVD-Rom,Fascination,,Genres,Album,1,Non-Testé,,
DVD-Rom,La Rumeur Court,,Genres,Album,1,Non-Testé,,
DVD-Rom,Shopgirl,,Genres,Album,1,Non-Testé,,
DVD-Rom,Faux Amis,,Genres,Album,1,Non-Testé,Ice Harvest,
DVD-Rom,Esprit De Famille,,Genres,Album,1,Non-Testé,La famille Stone,
DVD-Rom,Le Parfum De La Dame En Noire,,Genres,Album,1,Non-Testé,,
DVD-Rom,Night Watch,,Genres,Album,1,Non-Testé,,
DVD-Rom,New Police Story,,Genres,Album,1,Non-Testé,,
DVD-Rom,Match Point,,Genres,Album,1,Non-Testé,,
DVD-Rom,Stay Fog,,Genres,Album,1,Non-Testé,,titre a vérifier
DVD-Rom,Into The Blue,,Genres,Album,1,Non-Testé,,
DVD-Rom,Irresistible Alfie,,Genres,Album,1,Non-Testé,,
DVD-Rom,La Main Au Collier,,Genres,Album,1,Non-Testé,,
DVD-Rom,Les Bienfaits De La Colère,,Genres,Album,1,Non-Testé,,
DVD-Rom,Et Si C'Était Vrai...,,Genres,Album,1,Non-Testé,just like heaven,
DVD-Rom,Prof,,Genres,Album,1,Non-Testé,,
DVD-Rom,The Man Who Cried,,Genres,Album,1,Non-Testé,les larmes d'un homme,
DVD-Rom,Nouvelle France,,Genres,Album,1,Non-Testé,,
DVD-Rom,Retour À Cold Mountain,,Genres,Album,1,Non-Testé,,
DVD-Rom,L'Interprète,,Genres,Album,1,Non-Testé,The Interpreter,
DVD-Rom,The Bridge Of St Monica,,Genres,Album,1,Non-Testé,saint monica,pas sur du tout
DVD-Rom,Coup D'Éclat,,Genres,Album,1,Non-Testé,After the sunset,
DVD-Rom,Anacondas : À La Poursuite De L'Orchidée De Sang,,Genres,Album,1,Non-Testé,Anacondas 2,
DVD-Rom,Agents Secrets,,Genres,Album,1,Non-Testé,,
DVD-Rom,A Beire,,Genres,Album,1,Non-Testé,,a check
DVD-Rom,Anchorman,,Genres,Album,1,Non-Testé,,
DVD-Rom,A La Recherche De Billy,,Genres,Album,1,Non-Testé,,titre a verifier
DVD-Rom,Chasseurs De Primes,,Genres,Album,1,Non-Testé,All about the benjamins,
DVD-Rom,Alien Vs. Predator,,Genres,Album,1,Non-Testé,,
DVD-Rom,Art Heist,,Genres,Album,1,Non-Testé,braquage à l'espagnole,
DVD-Rom,Arizona Dream,,Genres,Album,1,Non-Testé,,
DVD-Rom,Appel Au Meurtre,,Genres,Album,1,Non-Testé,,
DVD-Rom,Assassination Tango,,Genres,Album,1,Non-Testé,,
DVD-Rom,Balistic,,Genres,Album,1,Non-Testé,,
DVD-Rom,Basic,,Genres,Album,1,Non-Testé,,
DVD-Rom,Adorable Julia,,Genres,Album,1,Non-Testé,being julia,
DVD-Rom,Bienvenue À Gattaca,,Genres,Album,1,Non-Testé,,
DVD-Rom,Training Day,,Genres,Album,1,Non-Testé,,
DVD-Rom,La Prison De Verre,,Genres,Album,1,Non-Testé,,
DVD-Rom,Elektra,,Genres,Album,1,Non-Testé,,
DVD-Rom,Ike. Opération Overlord,,Genres,Album,1,Non-Testé,,
DVD-Rom,Cœurs Perdus En Atlantide,,Genres,Album,1,Non-Testé,,
DVD-Rom,L'Amour N'A Pas De Prix,,Genres,Album,1,Non-Testé,Love don't cost a thing,
DVD-Rom,Rendez-Vous Avec Une Star,,Genres,Album,1,Non-Testé,Win a Date with Tad Hamilton!,
DVD-Rom,Cette Femme Là,,Genres,Album,1,Non-Testé,,
DVD-Rom,Natural City,,Genres,Album,1,Non-Testé,,en VO
DVD-Rom,"Ladyhawke, La Femme De La Nuit",,Genres,Album,1,Non-Testé,,
DVD-Rom,Rire Et Châtiment,,Genres,Album,1,Non-Testé,,
DVD-Rom,Self Control,,Genres,Album,1,Non-Testé,,
DVD-Rom,21 Grammes,,Genres,Album,1,Non-Testé,,
DVD-Rom,Goodbye,,Genres,Album,1,Non-Testé,,
DVD-Rom,Fenêtre Secrète,,Genres,Album,1,Non-Testé,,
DVD-Rom,Bad Santa,,Genres,Album,1,Non-Testé,,
DVD-Rom,Golden Eye,,Genres,Album,1,Non-Testé,,
DVD-Rom,Crimes Et Pouvoir,,Genres,Album,1,Non-Testé,,
DVD-Rom,Gothika,,Genres,Album,1,Non-Testé,,
DVD-Rom,Intolérable Cruauté,,Genres,Album,1,Non-Testé,,
DVD-Rom,Je Reste !,,Genres,Album,1,Non-Testé,,
DVD-Rom,In The Shadow,,Genres,Album,1,Non-Testé,,
DVD-Rom,The Job,,Genres,Album,1,Non-Testé,,
DVD-Rom,Photo Obsession,,Genres,Album,1,Non-Testé,,
DVD-Rom,7 Ans De Mariage,,Genres,Album,1,Non-Testé,,
DVD-Rom,Bienvenue Chez Lesrozes,,Genres,Album,1,Non-Testé,,
DVD-Rom,O'Brother,,Genres,Album,1,Non-Testé,,
DVD-Rom,La Sirène Rouge,,Genres,Album,1,Non-Testé,,
DVD-Rom,Passé Virtuel,,Genres,Album,1,Non-Testé,The Thirdteen floor,
DVD-Rom,Les Sentiments,,Genres,Album,1,Non-Testé,,doublon
DVD-Rom,Ripley'S Games,,Genres,Album,1,Non-Testé,,
DVD-Rom,Bienvenue Dans La Jungle,,Genres,Album,1,Non-Testé,,
DVD-Rom,La Jeune Fille A La Perle,,Genres,Album,1,Non-Testé,,
DVD-Rom,La Vengeance D'Une Blonde,,Genres,Album,1,Non-Testé,,
DVD-Rom,Van Helsing,,Genres,Album,1,Non-Testé,,doublon
DVD-Rom,Le Che,,Genres,Album,1,Non-Testé,,
DVD-Rom,He Got Game,,Genres,Album,1,Non-Testé,,
DVD-Rom,L'Amée Des Ténèbres,,Genres,Album,1,Non-Testé,,à check
DVD-Rom,Jericho Mansions,,Genres,Album,1,Non-Testé,,
DVD-Rom,Belly Of The Beast,,Genres,Album,1,Non-Testé,,
DVD-Rom,Birth,,Genres,Album,1,Non-Testé,,
DVD-Rom,Jsa (Joint Security Area),,Genres,Album,1,Non-Testé,,
DVD-Rom,Le Mal,,Genres,Album,1,Non-Testé,,
DVD-Rom,Les Vieux De La Vieille,,Genres,Album,1,Non-Testé,,
DVD-Rom,Tarzoon La Honte De La Jungle,,Genres,Album,1,Non-Testé,,
DVD-Rom,L'Ouest Sauvage,,Genres,Album,2,Non-Testé,,
DVD-Rom,Punisher,,Genres,Album,1,Non-Testé,,
DVD-Rom,Nous Étions Soldats,,Genres,Album,1,Non-Testé,we were soldiers,
DVD-Rom,Juste Un Baiser,,Genres,Album,1,Non-Testé,,
DVD-Rom,Comment Tuer Le Chien De Son Voisin,,Genres,Album,1,Non-Testé,,
DVD-Rom,The Girl Next Door,,Genres,Album,1,Non-Testé,,
DVD-Rom,The Highwaymen,,Genres,Album,1,Non-Testé,,
DVD-Rom,My Name Is Modesty,,Genres,Album,1,Non-Testé,,
DVD-Rom,Une Affaire De Coeur,,Genres,Album,1,Non-Testé,,
DVD-Rom,French Kiss,,Genres,Album,1,Non-Testé,,
DVD-Rom,Huit Femmes,,Genres,Album,1,Non-Testé,,
DVD-Rom,Blade,,Genres,Album,1,Non-Testé,,
DVD-Rom,Des Étoiles Plein Les Yeux,,Genres,Album,1,Non-Testé,first daughter,
DVD-Rom,Immortel,,Genres,Album,1,Non-Testé,,
DVD-Rom,Instincts Meurtriers,,Genres,Album,1,Non-Testé,,doublon
DVD-Rom,Blade 2,,Genres,Album,1,Non-Testé,,
DVD-Rom,Confessions D'Un Homme Dangereux,,Genres,Album,1,Non-Testé,,
DVD-Rom,Un Américain Bien Tranquille,,Genres,Album,1,Non-Testé,,
DVD-Rom,Un Été Pour Tout Vivre,,Genres,Album,1,Non-Testé,,
DVD-Rom,Foolproof,,Genres,Album,1,Non-Testé,,
DVD-Rom,Eternal Sunshine Of The Spotless Mind,,Genres,Album,1,Non-Testé,,
DVD-Rom,Empire,,Genres,Album,1,Non-Testé,,
DVD-Rom,Lone Star,,Genres,Album,1,Non-Testé,,
DVD-Rom,De Père En Fils,,Genres,Album,1,Non-Testé,aroud the bend,
DVD-Rom,Brown Sugar,,Genres,Album,1,Non-Testé,,
DVD-Rom,The Score,,Genres,Album,1,Non-Testé,,
DVD-Rom,Blade Runner,,Genres,Album,1,Non-Testé,,
DVD-Rom,Ray Charles,,Genres,Album,1,Non-Testé,ray,a verifier
DVD-Rom,Blade Trinity,,Genres,Album,1,Non-Testé,,
DVD-Rom,La Folle Histoire Du Monde,,Genres,Album,1,Non-Testé,,
DVD-Rom,La Sagesse Des Crocodiles,,Genres,Album,1,Non-Testé,,
DVD-Rom,Bridget Jones : L'Âge De Raison,,Genres,Album,1,Non-Testé,bridget jones 2,a verifier car illisible
DVD-Rom,Le Smoking,,Genres,Album,1,Non-Testé,,
DVD-Rom,Pavement,,Genres,Album,1,Non-Testé,,
DVD-Rom,Sexy Beast,,Genres,Album,1,Non-Testé,,
DVD-Rom,Brigade 49,,Genres,Album,1,Non-Testé,,
DVD-Rom,Mariages !,,Genres,Album,1,Non-Testé,,
DVD-Rom,"Event Horizon, Le Vaisseau De L'Au-Delà",,Genres,Album,1,Non-Testé,Event Horizon,
DVD-Rom,Calendar Girls,,Genres,Album,1,Non-Testé,,
DVD-Rom,Fréquence Interdite,,Genres,Album,1,Non-Testé,,
DVD-Rom,La Mort Dans La Peau,,Genres,Album,1,Non-Testé,,
DVD-Rom,Phone Game,,Genres,Album,1,Non-Testé,,
DVD-Rom,Les Sentiers De La Perdition,,Genres,Album,1,Non-Testé,,
DVD-Rom,Cellular,,Genres,Album,1,Non-Testé,,
DVD-Rom,Hasar Ou Coïncidence,,Genres,Album,1,Non-Testé,,
DVD-Rom,Parents Mode D'Emploi,,Genres,Album,1,Non-Testé,,titre a retrouver
DVD-Rom,Gangster,,Genres,Album,1,Non-Testé,,
DVD-Rom,Judge Dredd,,Genres,Album,1,Non-Testé,,
DVD-Rom,Shade,,Genres,Album,1,Non-Testé,,
DVD-Rom,Cheaters,,Genres,Album,1,Non-Testé,,
DVD-Rom,Le Dernier Trappeur,,Genres,Album,1,Non-Testé,,
DVD-Rom,La Jeune Fille Et La Mort,,Genres,Album,1,Non-Testé,,
DVD-Rom,Mr Schimdt,,Genres,Album,1,Non-Testé,,
DVD-Rom,"Godsend, Expérience Interdite",,Genres,Album,1,Non-Testé,godsend,
DVD-Rom,Stage Beauty,,Genres,Album,1,Non-Testé,,
DVD-Rom,Les Tontons Flingueurs,,Genres,Album,1,Non-Testé,,
DVD-Rom,"I,Robot",,Genres,Album,1,Non-Testé,,
DVD-Rom,Young Adam,,Genres,Album,1,Non-Testé,,
DVD-Rom,Envy,,Genres,Album,1,Non-Testé,,
DVD-Rom,5 Fois 2,,Genres,Album,1,Non-Testé,,
DVD-Rom,"Closer, Entre Adultes Consentants",,Genres,Album,1,Non-Testé,closer,
DVD-Rom,Ne Dites Rien,,Genres,Album,1,Non-Testé,,film pas trouvé
DVD-Rom,Man Of Fire,,Genres,Album,1,Non-Testé,,
DVD-Rom,Ladykillers,,Genres,Album,1,Non-Testé,,
DVD-Rom,Ripoux 3,,Genres,Album,1,Non-Testé,,
DVD-Rom,Comment Se Faire Larguer En 10 Leçons,,Genres,Album,1,Non-Testé,,
DVD-Rom,Effroyables Jardins,,Genres,Album,1,Non-Testé,,
DVD-Rom,Compte À Rebours,,Genres,Album,1,Non-Testé,,
DVD-Rom,John Q,,Genres,Album,1,Non-Testé,,
DVD-Rom,Le Masque De L'Araignée,,Genres,Album,1,Non-Testé,,
DVD-Rom,Fbi : Fausses Blondes Infiltrées,,Genres,Album,1,Non-Testé,white chicks,
DVD-Rom,Coup De Peigne,,Genres,Album,1,Non-Testé,,
DVD-Rom,Créances De Sang,,Genres,Album,1,Non-Testé,,
DVD-Rom,Polly Et Moi,,Genres,Album,1,Non-Testé,,
DVD-Rom,The Snow Walker,,Genres,Album,1,Non-Testé,le détour,
DVD-Rom,Ong Bak,,Genres,Album,1,Non-Testé,,film a verifier
DVD-Rom,Hypnose,,Genres,Album,1,Non-Testé,Les Portes De L'Esprit,
DVD-Rom,Volcano,,Genres,Album,1,Non-Testé,,
DVD-Rom,Taking Sides : Le Cas Furtwängler,,Genres,Album,1,Non-Testé,taking sides,
DVD-Rom,The Clearing,,Genres,Album,1,Non-Testé,,
DVD-Rom,Matchiuk,,Genres,Album,1,Non-Testé,,A verifier ilisible
DVD-Rom,Le Jour D'Après,,Genres,Album,1,Non-Testé,the day after Tommorow,
DVD-Rom,Solaris,,Genres,Album,1,Non-Testé,,
DVD-Rom,Nine Lives,,Genres,Album,1,Non-Testé,,
DVD-Rom,Hypnotic,,Genres,Album,1,Non-Testé,,
DVD-Rom,Signes,,Genres,Album,1,Non-Testé,,
DVD-Rom,Identity,,Genres,Album,1,Non-Testé,,
DVD-Rom,Dream Of A Warrior,,Genres,Album,1,Non-Testé,,
DVD-Rom,Chasseur De Fantôme,,Genres,Album,1,Non-Testé,,a verifier si c'est sos Fantome ou differents
DVD-Rom,Les Autres,,Genres,Album,1,Non-Testé,,
DVD-Rom,Le 51E État,,Genres,Album,1,Non-Testé,,
DVD-Rom,Spanglish,,Genres,Album,1,Non-Testé,,
DVD-Rom,Le Dizi,,Genres,Album,1,Non-Testé,,a verifier illisble
DVD-Rom,Dark City,,Genres,Album,1,Non-Testé,,
DVD-Rom,Wake Of The Dead,,Genres,Album,1,Non-Testé,,
DVD-Rom,Mr. 3000,,Genres,Album,1,Non-Testé,,
DVD-Rom,Le Journal De Bridget Jones,,Genres,Album,1,Non-Testé,,
DVD-Rom,La Plus Belle Victoire,,Genres,Album,1,Non-Testé,wimbledon,
DVD-Rom,La Rage De Survivre ,,Genres,Album,1,Non-Testé,,
DVD-Rom,Une Vie À T'Attendre,,Genres,Album,1,Non-Testé,,
DVD-Rom,Tolérance Zéro,,Genres,Album,1,Non-Testé,,
DVD-Rom,Le P'Tit Curieux,,Genres,Album,1,Non-Testé,,
DVD-Rom,Peut-Être,,Genres,Album,1,Non-Testé,,
DVD-Rom,The Village,,Genres,Album,1,Non-Testé,,
DVD-Rom,Les Enfants Du Marais,,Genres,Album,1,Non-Testé,,
DVD-Rom,Wonderland,,Genres,Album,1,Non-Testé,,
DVD-Rom,Saved!,,Genres,Album,1,Non-Testé,,
DVD-Rom,Hulk,,Genres,Album,1,Non-Testé,,
DVD-Rom,Lignes De Vie,,Genres,Album,1,Non-Testé,the door in the floor,
DVD-Rom,Saving Grace,,Genres,Album,1,Non-Testé,,
DVD-Rom,Dead Again,,Genres,Album,1,Non-Testé,,
DVD-Rom,Dirty Pretty Things,,Genres,Album,1,Non-Testé,,
DVD-Rom,Daredevil,,Genres,Album,1,Non-Testé,,"ecrit avec faute de frappe ""dardeville"""
DVD-Rom,Les Ex De Mon Mec,,Genres,Album,1,Non-Testé,,
DVD-Rom,Double Jeu,,Genres,Album,1,Non-Testé,,
DVD-Rom,La Mauvaise Education,,Genres,Album,1,Non-Testé,,
DVD-Rom,Ils Se Marièrent Et Eurent Beaucoup D'Enfants,,Genres,Album,1,Non-Testé,,
DVD-Rom,Osama,,Genres,Album,1,Non-Testé,,
DVD-Rom,Picth Black,,Genres,Album,1,Non-Testé,,
DVD-Rom,Un Crime Au Paradis,,Genres,Album,1,Non-Testé,,
DVD-Rom,Opération Funky,,Genres,Album,1,Non-Testé,undercover brother,
DVD-Rom,1972 Pink Floyd Live Pompei,,Genres,Album,1,Non-Testé,,
DVD-Rom,Le Roi Arthur,,Genres,Album,1,Non-Testé,,
DVD-Rom,Sacre Graal,,Genres,Album,1,Non-Testé,,
DVD-Rom,Casino Royale,,Genres,Album,1,Non-Testé,,
DVD-Rom,Vipère Au Poings,,Genres,Album,1,Non-Testé,,
DVD-Rom,Mémoires Affaires,,Genres,Album,1,Non-Testé,,a verifier illisible
DVD-Rom,La Mutante 3,,Genres,Album,1,Non-Testé,Specie 3,
DVD-Rom,Le Poids Du Silence,,Genres,Album,1,Non-Testé,,
DVD-Rom,Spawn,,Genres,Album,1,Non-Testé,,
DVD-Rom,Tank Girl,,Genres,Album,1,Non-Testé,,
DVD-Rom,Les Femmes De Stepford,,Genres,Album,1,Non-Testé,,
DVD-Rom,Mensonges Et Trahison,,Genres,Album,1,Non-Testé,,
DVD-Rom,Matrix Revolution,,Genres,Album,1,Non-Testé,,
DVD-Rom,Quittez Pas,,Genres,Album,1,Non-Testé,,
DVD-Rom,Contractor,,Genres,Album,1,Non-Testé,,
DVD-Rom,Last Legion,,Genres,Album,1,Non-Testé,,
DVD-Rom,Reno 911,,Genres,Album,1,Non-Testé,,
DVD-Rom,Rex Chien Pompier,,Genres,Album,1,Non-Testé,,
DVD-Rom,Tolerance Zéro 2,,Genres,Album,1,Non-Testé,,
DVD-Rom,Paranoïak,,Genres,Album,1,Non-Testé,disturbia,
DVD-Rom,New York Taxi,,Genres,Album,1,Non-Testé,taxi usa,
DVD-Rom,Ma Femme Est Une Actrice,,Genres,Album,1,Non-Testé,,
DVD-Rom,Ne Le Dis A Personne,,Genres,Album,1,Non-Testé,,
DVD-Rom,Hot Fuzz,,Genres,Album,1,Non-Testé,,
DVD-Rom,Coeurs Perdus,,Genres,Album,1,Non-Testé,,
DVD-Rom,Mr Brooks,,Genres,Album,1,Non-Testé,,
DVD-Rom,Le Nombre 23,,Genres,Album,1,Non-Testé,N°23,
DVD-Rom,Pathfinder - Le Sang Du Guerrier,,Genres,Album,1,Non-Testé,pathfinder,
DVD-Rom,Casaway,,Genres,Album,1,Non-Testé,,
DVD-Rom,Impostor,,Genres,Album,1,Non-Testé,,
DVD-Rom,Final Fantasy,,Genres,Album,1,Non-Testé,,
DVD-Rom,Kicking And Sceaming,,Genres,Album,1,Non-Testé,,
DVD-Rom,Nuclear Target,,Genres,Album,1,Non-Testé,marksmann,
DVD-Rom,Defender,,Genres,Album,1,Non-Testé,,
DVD-Rom,28 Jours En Sursis,,Genres,Album,1,Non-Testé,,
DVD-Rom,Le Terminal,,Genres,Album,1,Non-Testé,the terminal,
DVD-Rom,Dobermann,,Genres,Album,1,Non-Testé,,
DVD-Rom,Les Fils Du Vent,,Genres,Album,1,Non-Testé,,
DVD-Rom,C'Est Quoi Cette Mamie,,Genres,Album,1,Non-Testé,mamie mais pas trop,
DVD-Rom,Decaune Garcia,,Genres,Album,2,Non-Testé,,
DVD-Rom,Pirates Des Caraïbes 3,,Genres,Album,1,Non-Testé,pirates caraîbes 3,
DVD-Rom,Leon,,Genres,Album,1,Non-Testé,,
DVD-Rom,Big Fish,,Genres,Album,1,Non-Testé,,
DVD-Rom,Jusqu'Au Cou,,Genres,Album,1,Non-Testé,without a paddle,
DVD-Rom,Tout Pour Le Plaisir,,Genres,Album,1,Non-Testé,,
DVD-Rom,Hancock,,Genres,Album,1,Non-Testé,,doublon
DVD-Rom,Presto,,Genres,Album,1,Non-Testé,,doublon
DVD-Rom,Rogue,,Genres,Album,1,Non-Testé,,doublon
DVD-Rom,Comme Les Autres,,Genres,Album,1,Non-Testé,,
DVD-Rom,Les Grandes Personnes,,Genres,Album,1,Non-Testé,,
DVD-Rom,Oss 117 Rio Ne Repond Plus,,Genres,Album,1,Non-Testé,,
DVD-Rom,Predictions,,Genres,Album,1,Non-Testé,,
DVD-Rom,Watchmen: Les Gardiens,,Genres,Album,1,Non-Testé,watchmen,
DVD-Rom,Matrix,,Genres,Album,1,Non-Testé,,
DVD-Rom,Instinct To Kill,,Genres,Album,1,Non-Testé,,
DVD-Rom,Lord Of War,,Genres,Album,1,Non-Testé,,
DVD-Rom,8 Maz,,Genres,Album,1,Non-Testé,,a verifier illisible
DVD-Rom,Le Grand Raid,,Genres,Album,1,Non-Testé,the great raid,
DVD-Rom,Transporteur 2,,Genres,Album,1,Non-Testé,,
DVD-Rom,3 Enterrements ,,Genres,Album,1,Non-Testé,,a check illisible
DVD-Rom,Matrix Reloaded,,Genres,Album,1,Non-Testé,,
DVD-Rom,Les Autres,,Genres,Album,1,Non-Testé,,
DVD-Rom,Le Carton,,Genres,Album,1,Non-Testé,,
DVD-Rom,Shrek,,Genres,Album,1,Non-Testé,schreck,
DVD-Rom,La Belle Et Le Clochard 2,,Genres,Album,1,Non-Testé,,
DVD-Rom,James Et La Pêche Geante,,Genres,Album,1,Non-Testé,,
DVD-Rom,Dull,,Genres,Album,1,Non-Testé,,
DVD-Rom,A Verifier Pas Trouver,,Genres,Album,1,Non-Testé,,
DVD-Rom,Atlantis,,Genres,Album,1,Non-Testé,,
DVD-Rom,Zizou,,Genres,Album,1,Non-Testé,,a verifier pas trouvé
DVD-Rom,Brisby Et Le Secret De Nimh,,Genres,Album,1,Non-Testé,,
DVD-Rom,La Panthere Rose,,Genres,Album,1,Non-Testé,,
DVD-Rom,1 Famille 2 En 1,,Genres,Album,1,Non-Testé,,
DVD-Rom,Tarzan,,Genres,Album,1,Non-Testé,,
DVD-Rom,Beetlejuice,,Genres,Album,1,Non-Testé,,
DVD-Rom,Metropolis,,Genres,Album,1,Non-Testé,,
DVD-Rom,Le Monde De Nemo,,Genres,Album,1,Non-Testé,,
DVD-Rom,Le Monde De Nemo,,Genres,Album,1,Non-Testé,,doublon
DVD-Rom,Tarzan 2,,Genres,Album,1,Non-Testé,,
DVD-Rom,Pocahontas,,Genres,Album,1,Non-Testé,,pas sur illisible
DVD-Rom,Bionicle,,Genres,Album,1,Non-Testé,,
DVD-Rom,La Petite Sirene 2,,Genres,Album,1,Non-Testé,,
DVD-Rom,Jacquou Le Crocquant,,Genres,Album,1,Non-Testé,,
DVD-Rom,Evan Tout-Puissant,,Genres,Album,1,Non-Testé,evan Amighlty,
DVD-Rom,Kalidor,,Genres,Album,1,Non-Testé,,
DVD-Rom,Donjon Et Dragons,,Genres,Album,1,Non-Testé,,
DVD-Rom,Lucas Fourmi Malgré Lui,,Genres,Album,1,Non-Testé,,
DVD-Rom,The Dukes Of Hazzard: The Beginning,,Genres,Album,1,Non-Testé,"Shérif, fais-moi peur : Naissance d'une légende",
DVD-Rom,Madasgascar,,Genres,Album,1,Non-Testé,,
DVD-Rom,Rock Academy,,Genres,Album,1,Non-Testé,,
DVD-Rom,Batman Begins,,Genres,Album,1,Non-Testé,,
DVD-Rom,Mulan,,Genres,Album,1,Non-Testé,,
DVD-Rom,"Le Chien, Le Général Et Les Oiseaux",,Genres,Album,1,Non-Testé,"le général, le chien et les oiseaux",
DVD-Rom,Tais-Toi,,Genres,Album,1,Non-Testé,,
DVD-Rom,Le Livre De La Jungle,,Genres,Album,1,Non-Testé,,
DVD-Rom,Le Livre De La Jungle,,Genres,Album,1,Non-Testé,,doublon
DVD-Rom,Oliver Et Compagnie,,Genres,Album,1,Non-Testé,,
DVD-Rom,Tom Et Jerry,,Genres,Album,1,Non-Testé,,
DVD-Rom,Les Aventure Jack Burton,,Genres,Album,1,Non-Testé,,
DVD-Rom,Le Roi Lion 2,,Genres,Album,1,Non-Testé,,
DVD-Rom,Corton Maltesse,,Genres,Album,1,Non-Testé,,
DVD-Rom,Beethoven 5,,Genres,Album,1,Non-Testé,,
DVD-Rom,La Petite Sirene,,Genres,Album,1,Non-Testé,,
DVD-Rom,La Maison Du Bonheur,,Genres,Album,1,Non-Testé,,
DVD-Rom,Le Monde De Narnia,,Genres,Album,1,Non-Testé,,
DVD-Rom,Nanny Mcphee,,Genres,Album,1,Non-Testé,,
DVD-Rom,Fun With Dick And Jane,,Genres,Album,1,Non-Testé,,
DVD-Rom,Little Manhattan,,Genres,Album,1,Non-Testé,,PAS SUR DU TOUT ILLISIBLE
DVD-Rom,La Veritable Histoire Du Petit Chaperon Rouge,,Genres,Album,1,Non-Testé,,
DVD-Rom,Le Petit Monde De Charlotte,,Genres,Album,1,Non-Testé,,
DVD-Rom,Fievel Et Le Monstre De La Nuit,,Genres,Album,1,Non-Testé,,
DVD-Rom,Kaena La Prophétie,,Genres,Album,1,Non-Testé,,
DVD-Rom,Corto Maltesse La Ballade,,Genres,Album,1,Non-Testé,,
DVD-Rom,Garfield,,Genres,Album,1,Non-Testé,,
DVD-Rom,La Prophétie Des Grenouilles,,Genres,Album,1,Non-Testé,,
DVD-Rom,Rox Et Touky,,Genres,Album,1,Non-Testé,,
DVD-Rom,La Derniere Forêt Tropicale,,Genres,Album,1,Non-Testé,,a check pas trouvé
DVD-Rom,Le Bossu De Notre Dame,,Genres,Album,1,Non-Testé,,
DVD-Rom,Hercule,,Genres,Album,1,Non-Testé,,
DVD-Rom,Les 101 Dalmatiens,,Genres,Album,1,Non-Testé,,
DVD-Rom,Les Énigmes De L'Atlantide,,Genres,Album,1,Non-Testé,Enigme atlantide,
DVD-Rom,Leles 101 Dalmatiens N°2,,Genres,Album,1,Non-Testé,,
DVD-Rom,Bernard Et Bianca,,Genres,Album,1,Non-Testé,,
DVD-Rom,"Kermit, Les Années Têtard",,Genres,Album,1,Non-Testé,Les averntures de kermitt dans les marais,
DVD-Rom,Kuzco,,Genres,Album,1,Non-Testé,,
DVD-Rom,Troie,,Genres,Album,1,Non-Testé,,
DVD-Rom,Anastasia,,Genres,Album,1,Non-Testé,,
DVD-Rom,Oliver Et Cie,,Genres,Album,1,Non-Testé,,possible doublon avec olivier et companie
DVD-Rom,Titan,,Genres,Album,1,Non-Testé,,a check pas trouver
DVD-Rom,Winni L'Ourson,,Genres,Album,1,Non-Testé,,
DVD-Rom,La Belle Et Le Clochard,,Genres,Album,1,Non-Testé,,
DVD-Rom,Nativity,,Genres,Album,1,Non-Testé,,
DVD-Rom,Mercenary,,Genres,Album,1,Non-Testé,Mercenaires pour la justice,
DVD-Rom,Le Gang Des Champions,,Genres,Album,1,Non-Testé,sandlot,
DVD-Rom,Cendrillon,,Genres,Album,1,Non-Testé,,
DVD-Rom,Alice Aux Pays Des Merveilles,,Genres,Album,1,Non-Testé,,
DVD-Rom,Gloups Je Suis Un Poisson,,Genres,Album,1,Non-Testé,,
DVD-Rom,Le Bossu De Notre-Dame 2,,Genres,Album,1,Non-Testé,le bossu de ND n°2,
DVD-Rom,Happily N'Ever After,,Genres,Album,1,Non-Testé,happily never A,
DVD-Rom,Spirit,,Genres,Album,1,Non-Testé,,
DVD-Rom,Les 102 Dalmatiens,,Genres,Album,1,Non-Testé,,
DVD-Rom,1001 Pattes,,Genres,Album,1,Non-Testé,,
DVD-Rom,Jimmy Neutron,,Genres,Album,1,Non-Testé,,
DVD-Rom,Aladin,,Genres,Album,1,Non-Testé,,
DVD-Rom,Rebelles De La Foret,,Genres,Album,1,Non-Testé,,
DVD-Rom,Harrry Potter À L'École Des Sorciers,,Genres,Album,1,Non-Testé,Harry potter 1,
DVD-Rom,La Prophétie Des Andes,,Genres,Album,1,Non-Testé,,
DVD-Rom,Les Daltons,,Genres,Album,1,Non-Testé,,
DVD-Rom,Toy Story,,Genres,Album,1,Non-Testé,toystory 1,
DVD-Rom,Oliver Twist,,Genres,Album,1,Non-Testé,,
DVD-Rom,Worst,,Genres,Album,1,Non-Testé,,a verifier
DVD-Rom,Tex Avery Cd 5,,Genres,Album,?,Non-Testé,,
DVD-Rom,Astérix Et Les Viking,,Genres,Album,1,Non-Testé,,
DVD-Rom,Entre Deux Rives,,Genres,Album,1,Non-Testé,last lake house,
DVD-Rom,Da Vinci Code,,Genres,Album,1,Non-Testé,,
DVD-Rom,Les Country Bears,,Genres,Album,1,Non-Testé,the country bears,
DVD-Rom,The Holiday,,Genres,Album,1,Non-Testé,,
DVD-Rom,Panique À Central Park,,Genres,Album,1,Non-Testé,,
DVD-Rom,Flubber,,Genres,Album,1,Non-Testé,,
DVD-Rom,Les Rois De La Glisse,,Genres,Album,1,Non-Testé,,
DVD-Rom,Merlin L'Enchanteur,,Genres,Album,1,Non-Testé,,
DVD-Rom,Camelot,,Genres,Album,1,Non-Testé,,
DVD-Rom,Eragon,,Genres,Album,1,Non-Testé,,
DVD-Rom,Robin Des Bois,,Genres,Album,1,Non-Testé,,
DVD-Rom,La Belle Au Bois Dormant,,Genres,Album,1,Non-Testé,,
DVD-Rom,Le Château Dans Le Ciel,,Genres,Album,1,Non-Testé,,
DVD-Rom,Mde Irma,,Genres,Album,1,Non-Testé,,
DVD-Rom,Les Visiteurs En Amérique,,Genres,Album,1,Non-Testé,,
DVD-Rom,The Animatrix,,Genres,Album,1,Non-Testé,,
DVD-Rom,Prime,,Genres,Album,1,Non-Testé,,
DVD-Rom,L'Ile Aux Trésors,,Genres,Album,1,Non-Testé,,
DVD-Rom,Le Retour De Jafar,,Genres,Album,1,Non-Testé,,
DVD-Rom,Sans Permission,,Genres,Album,1,Non-Testé,,a check pas trouver
DVD-Rom,Les Indestructibles,,Genres,Album,1,Non-Testé,,
DVD-Rom,Bandidas,,Genres,Album,1,Non-Testé,,possible doublon
DVD-Rom,Ecole Fantastique,,Genres,Album,1,Non-Testé,,
DVD-Rom,Age De Glace 2,,Genres,Album,1,Non-Testé,,
DVD-Rom,Sisters,,Genres,Album,1,Non-Testé,,
DVD-Rom,Existence,,Genres,Album,1,Non-Testé,,
DVD-Rom,Existence Force,,Genres,Album,1,Non-Testé,,"pas sur car trouvé que ""existence"""
DVD-Rom,L'Enfant Sacré Du Tibet,,Genres,Album,1,Non-Testé,,
DVD-Rom,Hidalgo,,Genres,Album,1,Non-Testé,,
DVD-Rom,Une Nana Au Poil,,Genres,Album,1,Non-Testé,hot chick,
DVD-Rom,Wonderful Days,,Genres,Album,1,Non-Testé,mangas wonderful days,
DVD-Rom,Mxp : Mon Extrême Primate,,Genres,Album,1,Non-Testé,Mon extrême primate,
DVD-Rom,Arthur Et Les Minimoys,,Genres,Album,1,Non-Testé,,
DVD-Rom,Le Monde Fabuleaux De Gaya,,Genres,Album,1,Non-Testé,,
DVD-Rom,Le Médaillon,,Genres,Album,1,Non-Testé,,
DVD-Rom,Le Cid,,Genres,Album,1,Non-Testé,,
DVD-Rom,Père Et Fille,,Genres,Album,1,Non-Testé,,
DVD-Rom,Scoobidou Et Le Monstre Du Lock Ness,,Genres,Album,1,Non-Testé,,
DVD-Rom,Pleasantville,,Genres,Album,1,Non-Testé,,
DVD-Rom,Au Secours J'Ai 30 Ans !,,Genres,Album,1,Non-Testé,,
DVD-Rom,La Doublure,,Genres,Album,1,Non-Testé,,
DVD-Rom,The Grinch,,Genres,Album,1,Non-Testé,,
DVD-Rom,Le Prince Et Moi,,Genres,Album,1,Non-Testé,,
DVD-Rom,Lizzie Mc Guire,,Genres,Album,1,Non-Testé,,
DVD-Rom,Shaun Of The Dead,,Genres,Album,1,Non-Testé,,
DVD-Rom,Monstres Et Cie,,Genres,Album,1,Non-Testé,,
DVD-Rom,Miss Personnalité,,Genres,Album,1,Non-Testé,miss détective,
DVD-Rom,Robots,,Genres,Album,1,Non-Testé,,
DVD-Rom,Les Loney Tunes Passe À L'Action,,Genres,Album,1,Non-Testé,,
DVD-Rom,Taxi 4,,Genres,Album,1,Non-Testé,,
DVD-Rom,Travaux On Sait Quand Ça Commence ...,,Genres,Album,1,Non-Testé,Travaux,
DVD-Rom,Harry Potter Et Le Prisonnier D'Azkaban,,Genres,Album,1,Non-Testé,Harry Potter 3,
DVD-Rom,Le Livre De La Jungle 2,,Genres,Album,1,Non-Testé,,
DVD-Rom,Hary Potter Et La Chambre Des Secrets,,Genres,Album,1,Non-Testé,Harry Potter 2,
DVD-Rom,Robots,,Genres,Album,1,Non-Testé,,doublon
DVD-Rom,Tomcats,,Genres,Album,1,Non-Testé,,
DVD-Rom,Capitaine Sky Et Le Monde De Demain,,Genres,Album,1,Non-Testé,Sky Captain,
DVD-Rom,Le Pôle Express,,Genres,Album,1,Non-Testé,Boreal Express,
DVD-Rom,Deux Frères,,Genres,Album,1,Non-Testé,,
DVD-Rom,Dérapages,,Genres,Album,1,Non-Testé,,
DVD-Rom,Le Dernier Château,,Genres,Album,1,Non-Testé,,
DVD-Rom,Mrs Henderson Present,,Genres,Album,1,Non-Testé,,
DVD-Rom,A History Of Violence,,Genres,Album,1,Non-Testé,,
DVD-Rom,Mémoires D'Une Geisha,,Genres,Album,1,Non-Testé,Memories of gheisa,
DVD-Rom,La Vérité Nue,,Genres,Album,1,Non-Testé,where then truth lies,
DVD-Rom,Le Journal D'Une Princesse,,Genres,Album,1,Non-Testé,,
DVD-Rom,2012,,Genres,Album,1,Non-Testé,,
DVD-Rom,L'Attaque Du Métro 123,,Genres,Album,1,Non-Testé,,
DVD-Rom,Coup De Foudre À Seattle,,Genres,Album,1,Non-Testé,love happens,
DVD-Rom,Sherlock Holmes,,Genres,Album,1,Non-Testé,,
DVD-Rom,À La Poursuite De La Lance Sacrée,,Genres,Album,1,Non-Testé,le Mystère de la lance sacrée,
DVD-Rom,Mission 3D: Spy Kids 3,,Genres,Album,1,Non-Testé,spykid 3,
DVD-Rom,L'Homme De Rio,,Genres,Album,1,Non-Testé,,
DVD-Rom,Frida,,Genres,Album,1,Non-Testé,,
DVD-Rom,Salt,,Genres,Album,1,Non-Testé,,
DVD-Rom,Pandorum,,Genres,Album,1,Non-Testé,,
DVD-Rom,Bronx A Bel Air,,Genres,Album,1,Non-Testé,,
DVD-Rom,Les Prisonniers Du Temps,,Genres,Album,1,Non-Testé,,
DVD-Rom,Shrek 2,,Genres,Album,1,Non-Testé,,
DVD-Rom,X-Men 2,,Genres,Album,1,Non-Testé,,
DVD-Rom,Ghost Busters,,Genres,Album,1,Non-Testé,S.O.S Fantômes,
DVD-Rom,Les 3 Mousquetaires,,Genres,Album,1,Non-Testé,,film disney
DVD-Rom,Les Bronzés 3,,Genres,Album,1,Non-Testé,,
DVD-Rom,Kate Et Léopold,,Genres,Album,1,Non-Testé,,
DVD-Rom,Sinbad,,Genres,Album,1,Non-Testé,,
DVD-Rom,Ella Au Pays Enchanté,,Genres,Album,1,Non-Testé,ella l'ensorcelée,
DVD-Rom,Les Aiguilles Rouges,,Genres,Album,1,Non-Testé,,
DVD-Rom,Georges De La Jungle 2,,Genres,Album,1,Non-Testé,,
DVD-Rom,Indigènes,,Genres,Album,1,Non-Testé,,
DVD-Rom,Incontrolable,,Genres,Album,1,Non-Testé,,
DVD-Rom,L'Ile De Black Mor,,Genres,Album,1,Non-Testé,,
DVD-Rom,Lassie,,Genres,Album,1,Non-Testé,,
DVD-Rom,Age De Glace 2,,Genres,Album,1,Non-Testé,,doublon
DVD-Rom,Le Livre De La Jungle,,Genres,Album,1,Non-Testé,,doublon x2
DVD-Rom,Karate Dog,,Genres,Album,1,Non-Testé,,
DVD-Rom,Enfants Non Accompagnés,,Genres,Album,1,Non-Testé,,
DVD-Rom,Les Aventures De Porcinet,,Genres,Album,1,Non-Testé,,
DVD-Rom,L'Ile Aux Trésors,,Genres,Album,1,Non-Testé,,
DVD-Rom,Sous Le Soleil De Toscane,,Genres,Album,1,Non-Testé,,
DVD-Rom,Affreux Noël,,Genres,Album,1,Non-Testé,,
DVD-Rom,La Famille Tenenbaum,,Genres,Album,1,Non-Testé,,
DVD-Rom,Le Gardien Du Manuscrit Sacré,,Genres,Album,1,Non-Testé,,
DVD-Rom,Fanfan La Tulipe,,Genres,Album,1,Non-Testé,,film de 2003
DVD-Rom,X-Men 1,,Genres,Album,1,Non-Testé,,
DVD-Rom,Sa Mere Ou Moi,,Genres,Album,1,Non-Testé,,
DVD-Rom,Mon Beau Père Mes Parents Et Moi,,Genres,Album,1,Non-Testé,,
DVD-Rom,Man Of House,,Genres,Album,1,Non-Testé,,
DVD-Rom,Mais Qui A Tué Pamela Rose ?,,Genres,Album,1,Non-Testé,,
DVD-Rom,Pacifier,,Genres,Album,1,Non-Testé,baby-sittor,
DVD-Rom,Mission Cléopatre,,Genres,Album,1,Non-Testé,,
DVD-Rom,D.E.B.S,,Genres,Album,1,Non-Testé,,
DVD-Rom,Chicken Run,,Genres,Album,1,Non-Testé,,
DVD-Rom,Bande De Sauvages,,Genres,Album,1,Non-Testé,,
DVD-Rom,Chapeau Melon Et Bottes De Cuir,,Genres,Album,1,Non-Testé,,
DVD-Rom,Camping,,Genres,Album,1,Non-Testé,,
DVD-Rom,Kuzsco 2,,Genres,Album,1,Non-Testé,,a verifier car ortographe différent
DVD-Rom,Le Masque De Zorro,,Genres,Album,1,Non-Testé,,
DVD-Rom,L'Ile Au Trésor,,Genres,Album,1,Non-Testé,,possible doublon
DVD-Rom,Incredibles,,Genres,Album,1,Non-Testé,les indestructibles,possible doublon
DVD-Rom,Garfield,,Genres,Album,1,Non-Testé,,possible doublon
DVD-Rom,Charlie La Chocolaterie,,Genres,Album,1,Non-Testé,,
DVD-Rom,Herbie La Coccinelle,,Genres,Album,1,Non-Testé,,
DVD-Rom,Polar Expresse,,Genres,Album,1,Non-Testé,le pole express,doublon
DVD-Rom,Ma Sorcière Bien Aimée,,Genres,Album,1,Non-Testé,,
DVD-Rom,Madagascar,,Genres,Album,1,Non-Testé,,doublon
DVD-Rom,Sinbad,,Genres,Album,1,Non-Testé,,doublon
DVD-Rom,La Légende De Zorro,,Genres,Album,1,Non-Testé,,
DVD-Rom,Cuarteto Patria Ochoa Segundo,,Concert,Album,1,Non-Testé,,Musique pas film a verifier
DVD-Rom,Pluto Nash,,Genres,Album,1,Non-Testé,,
DVD-Rom,Thunderbirds - Les Sentinelles De L'Air,,Genres,Album,1,Non-Testé,Thunderbirds,
DVD-Rom,Age De Glace 1,,Genres,Album,1,Non-Testé,,
DVD-Rom,Les Contes De Terremer,,Genres,Album,1,Non-Testé,earth sea,a verifier
DVD-Rom,Scobidoo + Harlems,,Genres,Album,1,Non-Testé,,
DVD-Rom,Lilo Et Stich,,Genres,Album,1,Non-Testé,,
DVD-Rom,Les Enfants De La Pluie,,Genres,Album,1,Non-Testé,,peut-etre sur 2 cd
DVD-Rom,La Machine À Explorer Le Temps,,Genres,Album,1,Non-Testé,,
DVD-Rom,Irrésistible Alfie,,Genres,Album,1,Non-Testé,alfie,doublon
DVD-Rom,Collision,,Genres,Album,1,Non-Testé,,
DVD-Rom,H2G2 : Le Guide Du Voyageur Galactique,,Genres,Album,1,Non-Testé,H2G2,
DVD-Rom,Les Frères Grimms,,Genres,Album,1,Non-Testé,,
DVD-Rom,Akoibon,,Genres,Album,1,Non-Testé,,
DVD-Rom,Boudu,,Genres,Album,1,Non-Testé,,a vérifier
DVD-Rom,Alexandre,,Genres,Album,1,Non-Testé,,
DVD-Rom,Beauty Shop,,Genres,Album,1,Non-Testé,,
DVD-Rom,Tout Pour Plaire,,Genres,Album,1,Non-Testé,,
DVD-Rom,Poseidon,,Genres,Album,1,Non-Testé,,
DVD-Rom,Dark Water,,Genres,Album,1,Non-Testé,,
DVD-Rom,Sa Mère Ou Moi !,,Genres,Album,1,Non-Testé,Ma belle-mère est un monstre,
DVD-Rom,Je Préfère Qu'On Reste Amis...,,Genres,Album,1,Non-Testé,,
DVD-Rom,The Million Dollar Hotel,,Genres,Album,1,Non-Testé,,
DVD-Rom,Criminal,,Genres,Album,1,Non-Testé,,
DVD-Rom,La Ballade De Country Clare,,Genres,Album,1,Non-Testé,au rythme du comte de clare,
DVD-Rom,Black/White,,Genres,Album,1,Non-Testé,Guess who,
DVD-Rom,The Ring,,Genres,Album,1,Non-Testé,,
DVD-Rom,Infernal Affairs,,Genres,Album,1,Non-Testé,,
DVD-Rom,Born To Fight,,Genres,Album,1,Non-Testé,,
DVD-Rom,7 Secondes,,Genres,Album,1,Non-Testé,,
DVD-Rom,Les Désastreuses Aventures Des Orphelins Baudelaire,,Genres,Album,1,Non-Testé,Des Désastreuses aventures des orphelins de Baudelaire,
DVD-Rom,The Island,,Genres,Album,1,Non-Testé,,
DVD-Rom,L'Escorte,,Genres,Album,1,Non-Testé,un homme à tout prix,
DVD-Rom,La Voix Des Morts,,Genres,Album,1,Non-Testé,white noise,a check
DVD-Rom,Evolution,,Genres,Album,1,Non-Testé,,
DVD-Rom,La Marche De L'Empereur,,Documentaire,Album,1,Non-Testé,,
DVD-Rom,The Ballad Of Jack And Rose,,Genres,Album,1,Non-Testé,,
DVD-Rom,La Petite Chartreuse,,Genres,Album,1,Non-Testé,,
DVD-Rom,Chantage Mortel,,Genres,Album,1,Non-Testé,water's Edge,
DVD-Rom,Nin Dixie,,Genres,Album,1,Non-Testé,,a verifier illisible et pas trouvé
DVD-Rom,Un Plan Béton,,Genres,Album,1,Non-Testé,King's Ransom,
DVD-Rom,Joe La Crasse,,Genres,Album,1,Non-Testé,,
DVD-Rom,Phone Game,,Genres,Album,1,Non-Testé,red eyes,"a verifier car il est écrit seulement ""phone"""
DVD-Rom,Arrête De Pleurer Pénélope,,Genres,Etuit,1,Non-Testé,,
DVD-Rom,Le Prénom,,Genres,,1,Non-Testé,,
DVD-Rom,Un Bonheur N'Arrive Jamais Seul,,Genres,,1,Non-Testé,,
DVD-Rom,Hope Springs,,Genres,,1,Non-Testé,,
DVD-Rom,What Fory,,Genres,,1,Non-Testé,,a verifier illisible
DVD-Rom,Inception,,Genres,Etuit,2,Non-Testé,,sur 2 cd distinct
DVD-Rom,Cloud Atlas,,Genres,Etuit,1,Non-Testé,,
DVD-Rom,Clones,,Genres,Etuit,1,Non-Testé,,
DVD-Rom,Breakfast On Pluto,,Genres,Etuit,1,Non-Testé,,
DVD-Rom,Espion Et Demi,,Genres,,1,Non-Testé,,
DVD-Rom,Fast And Furious: Tokyo Drift,,Genres,,1,Non-Testé,FAF Tokyo 3,
DVD-Rom,Un Ticket Pour L'Espace,,Genres,,1,Non-Testé,,
DVD-Rom,Pinsued,,Genres,,1,Non-Testé,,pas sur du tritre pas trouvé
DVD-Rom,Undercover Agent,,Genres,,1,Non-Testé,,pas sur du titre illisible donc pas trouvé
DVD-Rom,Jusqu'À Ce Que La Fin Du Monde Nous Sépare,,Genres,Etuit,1,Non-Testé,Seeking a friend for the end of the world,
DVD-Rom,30 Ans Sinon Rien,,Genres,Album,1,Non-Testé,,
DVD-Rom,Feux Rouges,,Genres,Album,1,Non-Testé,,
DVD-Rom,Obsession Mortelle,,Genres,Album,1,Non-Testé,,
DVD-Rom,La Maison De Fons,,Genres,Album,1,Non-Testé,,pas sur car pas trouvé
DVD-Rom,Amours Et Amnésie,,Genres,Album,1,Non-Testé,50 firsts Date,
DVD-Rom,La Mutante,,Genres,Album,1,Non-Testé,Espece,pas sur trouvé car cd d'après c'est espece 2
DVD-Rom,La Mutante 2,,Genres,Album,1,Non-Testé,Espece 2,
DVD-Rom,Disney Le Plus Beau Des Combats,,Genres,Album,1,Non-Testé,,
DVD-Rom,Hannibal,,Genres,Album,1,Non-Testé,,
DVD-Rom,La Belle Americaine,,Genres,Album,1,Non-Testé,,
DVD-Rom,La Mort Au Trousses,,Genres,Album,1,Non-Testé,,
DVD-Rom,13 Ans,,Genres,Album,1,Non-Testé,,
DVD-Rom,Anything Else : La Vie Et Tout Le Reste,,Genres,Album,1,Non-Testé,Anithing else,
DVD-Rom,La Haine,,Genres,Album,1,Non-Testé,,
DVD-Rom,Les Égarés,,Genres,Album,1,Non-Testé,,
DVD-Rom,Baise-Moi,,Genres,Album,1,Non-Testé,,
DVD-Rom,Alcatraz,,Genres,Album,1,Non-Testé,,
DVD-Rom,Saints And Soldiers,,Genres,Album,1,Non-Testé,,
DVD-Rom,Wind,,Genres,Album,1,Non-Testé,,
DVD-Rom,Quand Je Vois Le Soleil,,Genres,Album,1,Non-Testé,,
DVD-Rom,Connie Et Carla,,Genres,Album,1,Non-Testé,,
DVD-Rom,Indiscrétion Fatales,,Genres,Album,1,Non-Testé,les ondes de la nuit,
DVD-Rom,Fightclub,,Genres,Album,1,Non-Testé,,
DVD-Rom,Red Shadow,,Genres,Album,1,Non-Testé,,
DVD-Rom,Max,,Genres,Album,1,Non-Testé,,a check titre peut-être pas complet
DVD-Rom,Vidocq,,Genres,Album,1,Non-Testé,,
DVD-Rom,Twister,,Genres,Album,1,Non-Testé,,
DVD-Rom,Le Festin Chinois,,Genres,Album,1,Non-Testé,,
DVD-Rom,Les Démons De Jésus,,Genres,Album,1,Non-Testé,,
DVD-Rom,Pic De Dante,,Genres,Album,1,Non-Testé,,
DVD-Rom,Laurel Canyon,,Genres,Album,1,Non-Testé,,
DVD-Rom,La Légende De Beowulf,,Genres,Album,1,Non-Testé,Beowulf,
DVD-Rom,Predator 2,,Genres,Album,1,Non-Testé,,
DVD-Rom,Laisse Tes Mains Sur Mes Hanches,,Genres,Album,1,Non-Testé,,
DVD-Rom,Nos Enfants Chéris,,Genres,Album,1,Non-Testé,,
DVD-Rom,Marie-Line,,Genres,Album,1,Non-Testé,,
DVD-Rom,Snatch,,Genres,Album,1,Non-Testé,,
DVD-Rom,Livraison À Domicile,,Genres,Album,1,Non-Testé,,
DVD-Rom,Dans La Mire,,Genres,Album,1,Non-Testé,,pas trouvé
DVD-Rom,Passager 57,,Genres,Album,1,Non-Testé,,
DVD-Rom,Soldier,,Genres,Album,1,Non-Testé,,
DVD-Rom,Teminator 3 : Le Soulevement Des Machines,,Genres,Album,1,Non-Testé,Terminator 3,
DVD-Rom,The Quickie,,Genres,Album,1,Non-Testé,the Quickïe,
DVD-Rom,Fusion,,Genres,Album,1,Non-Testé,,
DVD-Rom,Le Manoir Hantée Et Les 999 Fantômes,,Genres,Album,1,Non-Testé,manoir hanté,A vérifier car nom pas complets
DVD-Rom,Autoroute Racer,,Genres,Album,1,Non-Testé,,
DVD-Rom,Comment Tuer Le Chien De Son Voisin,,Genres,Album,1,Non-Testé,Comment Tuer le Chien du Voisin,
DVD-Rom,A Run For Money,,Genres,Album,1,Non-Testé,,
DVD-Rom,Ce Jour-Là,,Genres,Album,1,Non-Testé,,
DVD-Rom,Les Aventures De Mister Deeds,,Genres,Album,1,Non-Testé,Mr Deeds,
DVD-Rom,Sans Nouvelles De Dieu,,Genres,Album,1,Non-Testé,S. nouvelles de dieu,
DVD-Rom,Monique : Toujours Contente,,Genres,Album,1,Non-Testé,Monique,
DVD-Rom,Destination Finale,,Genres,Album,1,Non-Testé,,
DVD-Rom,Charlie'S Angels : Les Anges Se Déchaînent,,Genres,Album,1,Non-Testé,Charlie Angels' 2,
DVD-Rom,Filles De Bonne Famille,,Genres,Album,1,Non-Testé,uptown girls,
DVD-Rom,Bye Bye Love,,Genres,Album,1,Non-Testé,down withe love,
DVD-Rom,Frêle,,Genres,Album,1,Non-Testé,,
DVD-Rom,Saint Ange,,Genres,Album,1,Non-Testé,St Ange,
DVD-Rom,Légendes D'Automne,,Genres,Album,1,Non-Testé,,
DVD-Rom,La Vie Est Belle,,Genres,Album,1,Non-Testé,,
DVD-Rom,Tout Sur Ma Mère,,Genres,Album,1,Non-Testé,,
DVD-Rom,Cypher,,Genres,Album,1,Non-Testé,,
DVD-Rom,Bigard,,Spectacle,Album,1,Non-Testé,,
DVD-Rom,Le Tout Pour Le Tout,,Genres,Album,1,Non-Testé,tout pour le tout,
DVD-Rom,Booth,,Genres,Album,1,Non-Testé,,
DVD-Rom,La Maison De Cire,,Genres,,1,Non-Testé,,
DVD-Rom,Ralph,,Genres,,1,Non-Testé,St Ralph,
DVD-Rom,Ring 2,,Genres,,1,Non-Testé,,
DVD-Rom,Saw 2,,Genres,,1,Non-Testé,,
DVD-Rom,The Fog,,Genres,,1,Non-Testé,,
DVD-Rom,Dance With Me,,Genres,Album,1,Non-Testé,,
DVD-Rom,Ice Glace,,Genres,Album,1,Non-Testé,,à check car potentiellement l'age de glace
DVD-Rom,Jeu D'Enfant,,Genres,Album,1,Non-Testé,,
DVD-Rom,Paycheck,,Genres,Album,1,Non-Testé,,
DVD-Rom,A Nous Quatre,,Genres,Album,1,Non-Testé,,
DVD-Rom,Bienvenue À Mooseport,,Genres,Album,1,Non-Testé,Welcome to mooseport,
DVD-Rom,Amen,,Genres,Album,2,Non-Testé,,
DVD-Rom,La Chute Du Faucon Noir,,Genres,Album,2,Non-Testé,,
DVD-Rom,L'Art De Casser,,Genres,Album,1,Non-Testé,,
DVD-Rom,Mission Impossible,,Genres,Album,1,Non-Testé,,
DVD-Rom,Confidence,,Genres,Album,1,Non-Testé,,
DVD-Rom,Révélations,,Genres,Album,1,Non-Testé,,
DVD-Rom,Un Homme D'Exception,,Genres,Album,2,Non-Testé,a beautiful mind,
DVD-Rom,Double Riposte,,Genres,Album,1,Non-Testé,today you die,
DVD-Rom,Les 4 Fantastique Eet Le Surfer D'Argent,,Genres,Album,1,Non-Testé,,
DVD-Rom,Le Silence Des Agneaux,,Genres,Album,2,Non-Testé,,
DVD-Rom,Da Vinci Code,,Genres,Album,1,Non-Testé,,version longue
DVD-Rom,The Secret Life Of Words,,Genres,,1,Non-Testé,,
DVD-Rom,Vendetta,,Genres,,1,Non-Testé,,a check pas trouvé
DVD-Rom,You Me,,Genres,,1,Non-Testé,,
DVD-Rom,End Dufree,,Genres,,1,Non-Testé,,
DVD-Rom,Le Transporteur,,Genres,Album,2,Non-Testé,,c'est encore le cd 2 peut-être erreur car dans l'album 1 il y a également le transporteur cd2
DVD-Rom,Arme Virtuelle,,Genres,Album,2,Non-Testé,,
DVD-Rom,La Prophétie Des Andes,,Genres,Album,1,Non-Testé,the celestine prophecy,doublon
DVD-Rom,L'Entente Cordiale,,Genres,Album,1,Non-Testé,,
DVD-Rom,Le Dernier Samourï,,Genres,Album,2,Non-Testé,the last samouraï,
DVD-Rom,Lara Croft: Tomb Raider,,Genres,Album,2,Non-Testé,Lara Croft,
DVD-Rom,Insomnia,,Genres,Album,2,Non-Testé,,pas sur car illisible
DVD-Rom,Munich,,Genres,Album,1,Non-Testé,,
DVD-Rom,Daltry Calhoun,,Genres,,1,Non-Testé,,
DVD-Rom,Swimming Upstream,,Genres,,1,Non-Testé,,
DVD-Rom,L'Affaire Josey Aimes,,Genres,,1,Non-Testé,North Country,
DVD-Rom,Le Secret De Brokeback Mountain,,Genres,,1,Non-Testé,brobake mountain,
DVD-Rom,De L'Ombre À La Lumière,,Genres,,1,Non-Testé,Cinderella man,
DVD-Rom,Suspect Zero,,Genres,Album,1,Non-Testé,,
DVD-Rom,Hitcher 2,,Genres,,1,Non-Testé,,
DVD-Rom,The Weather Man,,Genres,,1,Non-Testé,,
DVD-Rom,The Asylum,,Genres,,1,Non-Testé,,
DVD-Rom,Wingo,,Genres,,1,Non-Testé,,pas trouvé
DVD-Rom,Malefique,,Genres,,1,Non-Testé,,
DVD-Rom,La Ferme En Folie,,Dessin Animé,Album,1,Non-Testé,,doublon
DVD-Rom,La Terre Vue Du Ciel,,Documentaire,,1,Non-Testé,,
DVD-Rom,Souris City,,Dessin Animé,,1,Non-Testé,,
DVD-Rom,Les Maitres Du Temps,,Dessin Animé,,1,Non-Testé,,
DVD-Rom,Happy Feet,,Dessin Animé,,1,Non-Testé,,
DVD-Rom,"Zidane, Un Portrait Du Xxième Siècle",,Genres,,1,Non-Testé,Zidane,
DVD-Rom,Pédale Dure,,Genres,Album,1,Non-Testé,,
DVD-Rom,Mon Psy Va Mieux,,Genres,Album,1,Non-Testé,,a vérifier car trouvé scketch de bigard pas film
DVD-Rom,Collatéral,,Genres,Album,1,Non-Testé,,
DVD-Rom,La Liste De Schindler,,Genres,Album,2,Non-Testé,,
DVD-Rom,Le Divorce,,Genres,Album,1,Non-Testé,,
DVD-Rom,Le Croque-Mort S'En Mêle,,Genres,Album,1,Non-Testé,,
DVD-Rom,Casque D'Or,,Genres,Album,1,Non-Testé,,
DVD-Rom,Le Coeur Des Hommes,,Genres,Album,1,Non-Testé,,
DVD-Rom,Madame Édouard,,Genres,Album,1,Non-Testé,Mde Edouard,
DVD-Rom,Les Ensorceleues,,Genres,Album,1,Non-Testé,,a vérifier car illisible peut etre l'ensorceleur
DVD-Rom,Shall We Dance ? La Nouvelle Vie De Monsieur Clark,,Genres,Album,1,Non-Testé,Shall We Dance,
DVD-Rom,La Recrue,,Genres,Album,1,Non-Testé,,
DVD-Rom,Alien Hunter,,Genres,Album,1,Non-Testé,,
DVD-Rom,Lara Croft N°1,,Genres,Album,1,Non-Testé,,peut-etre doublon à check
DVD-Rom,Intuitions,,Genres,Album,1,Non-Testé,le don,pas sur
DVD-Rom,Va Te Faire Foutre Freddy !,,Genres,Album,1,Non-Testé,,
DVD-Rom,"Blueberry, L'Expérience Secrète",,Genres,Album,1,Non-Testé,Blueberry,
DVD-Rom,Amelie Poulain,,Genres,Album,1,Non-Testé,,
DVD-Rom,Collision,,Genres,Album,1,Non-Testé,,doublon
DVD-Rom,Mimic 2: Le Retour,,Genres,Album,1,Non-Testé,Mimics 2,
DVD-Rom,Michel Leeb Qu'Est Ce Que Le Sexe,,Spectacle,Album,1,Non-Testé,,
DVD-Rom,Les Jolies Choses,,Genres,Album,1,Non-Testé,,
DVD-Rom,Seven Swords,,Genres,Album,1,Non-Testé,,
DVD-Rom,Le Tigre Et La Neige,,Genres,,1,Non-Testé,,
DVD-Rom,The Sentinel,,Genres,,1,Non-Testé,,
DVD-Rom,Akeelah And The Bee,,Genres,,1,Non-Testé,,
DVD-Rom,Donjon Et Dragon 2,,Genres,,1,Non-Testé,,
DVD-Rom,Survie : Les Naufragés,,Genres,,1,Non-Testé,Survival Island,
DVD-Rom,La Ligne Verte,,Genres,Album,1,Non-Testé,,
DVD-Rom,60 Secondes Chronos,,Genres,Album,1,Non-Testé,60 S. Chrono,
DVD-Rom,4 Garçons Plein D'Avenir,,Genres,Album,1,Non-Testé,,
DVD-Rom,The Station Agent,,Genres,Album,1,Non-Testé,,
DVD-Rom,Ben Hur,,Dessin Animé,Album,1,Non-Testé,,le dessin animé
DVD-Rom,Les Évadés,,Genres,Album,1,Non-Testé,,
DVD-Rom,La Mémoires Dans La Peau,,Genres,Album,1,Non-Testé,,
DVD-Rom,L'Anneau Sacré,,Genres,Album,1,Non-Testé,,
DVD-Rom,Irréversible,,Genres,Album,1,Non-Testé,,
DVD-Rom,Au Revoir À Jamais,,Genres,Album,1,Non-Testé,Souviens Toi Charlie,
DVD-Rom,Equilibrium,,Genres,Album,1,Non-Testé,,
DVD-Rom,Mission Impossible 3,,Genres,Album,1,Non-Testé,MI 3,
DVD-Rom,Lucky Number Slevin,,Genres,Album,1,Non-Testé,,
DVD-Rom,Sky Game,,Genres,,1,Non-Testé,,
DVD-Rom,L'Ivresse Du Pouvoir,,Genres,,1,Non-Testé,,
DVD-Rom,L'Honneur Du Dragon,,Genres,,1,Non-Testé,,
DVD-Rom,Dur Comme Stone,,Genres,,1,Non-Testé,Stone cold,
DVD-Rom,Nouvelle Cuisine,,Genres,,1,Non-Testé,,
DVD-Rom,Le Fil À La Patte,,Genres,Album,1,Non-Testé,,
DVD-Rom,In The Cut,,Genres,Album,2,Non-Testé,,
DVD-Rom,Toute La Beauté Du Monde,,Genres,Album,1,Non-Testé,,
DVD-Rom,Rencontre Du Troisième Type,,Genres,Album,2,Non-Testé,Rencontre du 3e Type,
DVD-Rom,The Matador,,Genres,Album,1,Non-Testé,,
DVD-Rom,Serenity,,Genres,Album,1,Non-Testé,,dvd VO
DVD-Rom,Shaft,,Genres,Album,1,Non-Testé,,
DVD-Rom,The Thind Wheel,,Genres,Album,1,Non-Testé,,
DVD-Rom,Une Soirée Parfaite,,Genres,Album,1,Non-Testé,the third wheel,
DVD-Rom,Le Mousquetaire,,Genres,Album,1,Non-Testé,,"a check titre trop vague, pas trouvé"
DVD-Rom,Lune De Miel En Enfer,,Genres,Album,1,Non-Testé,La Prisonnière du Lac,
DVD-Rom,The Singing Detective,,Genres,Album,1,Non-Testé,,
DVD-Rom,Le Règne Du Feu,,Genres,Album,1,Non-Testé,,
DVD-Rom,La Planète Rouge,,Genres,Album,1,Non-Testé,,
DVD-Rom,Sexcrimes,,Genres,Album,1,Non-Testé,les Racoleuses,
DVD-Rom,Monority Report,,Genres,Album,1,Non-Testé,,
DVD-Rom,13 Fantômes,,Genres,Album,1,Non-Testé,,
DVD-Rom,Les Justiciers Du Texas,,Genres,Album,1,Non-Testé,Texas Rangers,
DVD-Rom,Dédales,,Genres,Album,1,Non-Testé,,
DVD-Rom,Le Vol Du Phoenix,,Genres,Album,1,Non-Testé,,
DVD-Rom,Escapade À New York,,Genres,Album,1,Non-Testé,,
DVD-Rom,Cash Express,,Genres,Album,1,Non-Testé,Rat-race / Course folle,
DVD-Rom,Out Of Time,,Genres,Album,1,Non-Testé,,
DVD-Rom,Hero,,Genres,Album,1,Non-Testé,,
DVD-Rom,Dans La  Chaleur De La Nuit,,Genres,Album,1,Non-Testé,,
DVD-Rom,Donnie Darko,,Genres,Album,1,Non-Testé,,
DVD-Rom,Magie Noire,,Genres,Album,1,Non-Testé,,a check
DVD-Rom,National Security,,Genres,Album,1,Non-Testé,,
DVD-Rom,Bullitt,,Genres,Album,1,Non-Testé,,
DVD-Rom,A.I. Intelligence Artificielle,,Genres,Album,1,Non-Testé,A. I,pas sur
DVD-Rom,P.S.,,Genres,Album,1,Non-Testé,,
DVD-Rom,Bandits,,Genres,Album,1,Non-Testé,,
DVD-Rom,Daddy,,Genres,Album,1,Non-Testé,,A verifier car plusieurs version
DVD-Rom,Batman,,Genres,Album,1,Non-Testé,,
DVD-Rom,Janis Et John,,Genres,Album,1,Non-Testé,,
DVD-Rom,American Beauty,,Genres,Album,1,Non-Testé,,
DVD-Rom,The One,,Genres,Album,1,Non-Testé,,
DVD-Rom,Total Recall,,Genres,Album,1,Non-Testé,,
DVD-Rom,Mexico,,Genres,Album,1,Non-Testé,,pas trouvé
DVD-Rom,"Aniki, Mon Frère",,Genres,Album,1,Non-Testé,,
DVD-Rom,Antwone Fisher,,Genres,Album,1,Non-Testé,,
DVD-Rom,Starsky Et Hutch,,Genres,Album,1,Non-Testé,,version 16/9
DVD-Rom,Le Retour,,Genres,Album,1,Non-Testé,,
DVD-Rom,Braquage À L'Italienne,,Genres,Album,1,Non-Testé,,
DVD-Rom,Dommage Collatéral,,Genres,Album,1,Non-Testé,,
DVD-Rom,Les Rivières Pourpres 2 : Les Anges De L'Apocalypse,,Genres,Album,1,Non-Testé,Les rivières pourpres 2,
DVD-Rom,Bad Comp Boys,,Genres,Album,1,Non-Testé,,pas sur car illisible donc pas trouvé
DVD-Rom,La Maison Russie,,Genres,Album,1,Non-Testé,,
DVD-Rom,Exposé The Statement,,Genres,Album,1,Non-Testé,,pas trouvé
DVD-Rom,Incassable,,Genres,Album,1,Non-Testé,,
DVD-Rom,Zatoichi,,Genres,Album,1,Non-Testé,,
DVD-Rom,San Antonio,,Genres,Album,1,Non-Testé,,
DVD-Rom,Le Détonateur,,Genres,Album,1,Non-Testé,,
DVD-Rom,Trois Histoires De L'Au-Delà,,Genres,Album,1,Non-Testé,,
DVD-Rom,Lost In Translation,,Genres,Album,1,Non-Testé,,
DVD-Rom,Sixième Sens,,Genres,Album,1,Non-Testé,6e Sens,
DVD-Rom,Abimes,,Genres,Album,1,Non-Testé,,
DVD-Rom,Pitch Black,,Genres,Album,1,Non-Testé,,
DVD-Rom,Nathalie ...,,Genres,Album,1,Non-Testé,,
DVD-Rom,Underworld,,Genres,Album,1,Non-Testé,,possible doublon
DVD-Rom,Chaos,,Genres,Album,1,Non-Testé,,
DVD-Rom,Place Vendôme,,Genres,Album,1,Non-Testé,,
DVD-Rom,Mauvais Esprit,,Genres,Album,1,Non-Testé,,
DVD-Rom,Showtime,,Genres,Album,1,Non-Testé,,
DVD-Rom,Les 4 Fantastiques,,Genres,Album,1,Non-Testé,,
DVD-Rom,Arrête-Moi Si Tu Peux,,Genres,Album,1,Non-Testé,,
DVD-Rom,Terre Neuve,,Genres,Album,1,Non-Testé,The Shipping News,
DVD-Rom,Scène Du Crime,,Genres,Album,1,Non-Testé,,
DVD-Rom,Otage,,Genres,Album,1,Non-Testé,,
DVD-Rom,Sexcrimes 2,,Genres,Album,1,Non-Testé,,
DVD-Rom,Undo / Lected,,Genres,Album,1,Non-Testé,,pas trouvé car illisible
DVD-Rom,Une Hirondelle A Fait Le Printemps,,Genres,Album,1,Non-Testé,,
DVD-Rom,Laspalles,,Genres,Album,1,Non-Testé,LASpalles,pas trouvé
DVD-Rom,Les Témoins,,Genres,Album,1,Non-Testé,,
DVD-Rom,Deep Water,,Genres,Album,1,Non-Testé,,
DVD-Rom,Complot À La Maison Blanche,,Genres,,1,Non-Testé,End Game,pas sur à check
DVD-Rom,Firewall,,Genres,,1,Non-Testé,,
DVD-Rom,Inside Man : L'Homme De L'Intérieur,,Genres,,1,Non-Testé,Inside Man,
DVD-Rom,Scary Movie 4,,Genres,,1,Non-Testé,,
DVD-Rom,Opération Eagle One,,Genres,,1,Non-Testé,,
DVD-Rom,Club Dread,,Genres,Album,1,Non-Testé,,
DVD-Rom,Dead End,,Genres,Album,1,Non-Testé,,VOST
DVD-Rom,Laurent Gerra Flingue La Télé,,Spectacle,Album,1,Non-Testé,,
DVD-Rom,Dirty Deeds,,Genres,Album,1,Non-Testé,,
DVD-Rom,Master And Commander : De L'Autre Côté Du Monde,,Genres,Album,1,Non-Testé,,
DVD-Rom,Ned Kelly,,Genres,Album,1,Non-Testé,,
DVD-Rom,Confidences Trop Intimes,,Genres,Album,1,Non-Testé,,
DVD-Rom,Battle Shiyh,,Genres,Tour,1,Non-Testé,,a check illisible
DVD-Rom,The Hunger Games,,Genres,,1,Non-Testé,,
DVD-Rom,World Invasion: Battle Los Angeles,,Genres,,1,Non-Testé,la  bataille de Los Angeles,
DVD-Rom,The Amazing Spider-Man,,Genres,,1,Non-Testé,,
DVD-Rom,The Grudge,,Genres,Tour,1,Non-Testé,,
DVD-Rom,Le Cercle Des Poètes Disparus,,Genres,Tour,1,Non-Testé,,
DVD-Rom,La Porte Des Secrets,,Genres,Tour,1,Non-Testé,,
DVD-Rom,The Grey,,Genres,Tour,1,Non-Testé,,
DVD-Rom,Voyage Au Centre De La Terre 2 : L'Île Mystérieuse,,Genres,Tour,1,Non-Testé,Journey 2 The Mysterious Island,
DVD-Rom,Tomorow When The War,,Genres,Tour,1,Non-Testé,,A vérifier
DVD-Rom,Camping Car,,Genres,Tour,1,Non-Testé,,
DVD-Rom,Superman Returns,,Genres,Tour,1,Non-Testé,,
DVD-Rom,L'Équipier,,Genres,Tour,1,Non-Testé,,a verifier
DVD-Rom,Une Chambre Pour Quatre,,Genres,Tour,1,Non-Testé,,
DVD-Rom,Tube,,Genres,Tour,1,Non-Testé,,pas trouvé
DVD-Rom,Cube,,Genres,Tour,1,Non-Testé,,
DVD-Rom,Iron Man 2,,Genres,Tour,1,Non-Testé,,
DVD-Rom,Nurse Baby,,Genres,Tour,1,Non-Testé,,pas trouvé
DVD-Rom,7 Ans De Seduction,,Genres,Tour,1,Non-Testé,,
DVD-Rom,40 Ans Et Toujours Puceau,,Genres,Tour,1,Non-Testé,,
DVD-Rom,Scooby-Doo 2 : Les Monstres Se Déchaînent,,Genres,Tour,1,Non-Testé,Scoobidoo 2,
DVD-Rom,Batman Begins,,Genres,Tour,1,Non-Testé,,
DVD-Rom,Textiles,,Genres,Tour,1,Non-Testé,,
DVD-Rom,Amour Et Amnesie,,Genres,Tour,1,Non-Testé,,
DVD-Rom,Mon Petit Doigt M'A Dit,,Genres,Tour,1,Non-Testé,,
DVD-Rom,New Jack City,,Genres,Tour,1,Non-Testé,,
DVD-Rom,La Boite Noire,,Genres,Tour,1,Non-Testé,,
DVD-Rom,La Crypte,,Genres,Tour,1,Non-Testé,,
DVD-Rom,Hypercube 2,,Genres,Tour,1,Non-Testé,,pas sur
DVD-Rom,Momie 1,,Genres,Tour,1,Non-Testé,,
DVD-Rom,On Arrive Quand,,Genres,Tour,1,Non-Testé,,
DVD-Rom,L'Interprète,,Genres,Tour,1,Non-Testé,,doublon
DVD-Rom,Tu Vas Rire Mais Je Te Quitte,,Genres,Tour,1,Non-Testé,,
DVD-Rom,9 Songs,,Genres,Tour,1,Non-Testé,,
DVD-Rom,Casanova,,Genres,,1,Non-Testé,,
DVD-Rom,Basic Instinct 2,,Genres,,1,Non-Testé,,
DVD-Rom,Combien Tu M'Aimes,,Genres,,1,Non-Testé,,
DVD-Rom,Don'T Come Knocking,,Genres,,1,Non-Testé,,
DVD-Rom,Nadia,,Genres,,1,Non-Testé,,
DVD-Rom,À La Poursuite Du Diamant Vert,,Genres,Tour,1,Non-Testé,,
DVD-Rom,Podium,,Genres,Tour,1,Non-Testé,,version longue
DVD-Rom,La Grande Arnaque,,Genres,Tour,1,Non-Testé,,
DVD-Rom,La Porte Des Secrets,,Genres,Tour,1,Non-Testé,the skeleton key,
DVD-Rom,Horton,,Genres,Tour,1,Non-Testé,,
DVD-Rom,Si C'Était Lui...,,Genres,Tour,1,Non-Testé,,
DVD-Rom,Cortex,,Genres,,1,Non-Testé,,
DVD-Rom,La Momie : La Tombe De L'Empereur Dragon,,Genres,,1,Non-Testé,momie 3,
DVD-Rom,La Jeune Fille Et Les Loups,,Genres,,1,Non-Testé,,
DVD-Rom,Cinq Enfants Et Moi,,Genres,,1,Non-Testé,5 enfants et moi,
DVD-Rom,Pacience,,Genres,Tour,1,Non-Testé,patiently,pas sur
DVD-Rom,Salem,,Genres,,1,Non-Testé,,
DVD-Rom,Sexy Movie,,Genres,,1,Non-Testé,,
DVD-Rom,"Antartica, Prisonniers Du Froid",,Genres,,1,Non-Testé,Antartica,
DVD-Rom,Transamerica,,Genres,,1,Non-Testé,,pas sur illisible
DVD-Rom,The World Furtif Indian'S,,Genres,,1,Non-Testé,,pas sur illisible et pas trouvé
DVD-Rom,Stargate,,Genres,Tour,1,Non-Testé,,
DVD-Rom,Spartan,,Genres,Tour,1,Non-Testé,,
DVD-Rom,Camping,,Genres,Tour,1,Non-Testé,camping les flots bleus,
DVD-Rom,Narco,,Genres,Tour,1,Non-Testé,,
DVD-Rom,Une Vie Moins Ordinaire,,Genres,Tour,1,Non-Testé,,
DVD-Rom,Gerard Laurent,,Spectacle,Tour,1,Non-Testé,,
DVD-Rom,Docteur Jerry Et Mister Love,,Genres,Tour,1,Non-Testé,,
DVD-Rom,Wonderful Day,,Genres,Tour,1,Non-Testé,,version limitsu (pas sur de ça)
DVD-Rom,Indiana Jones Et Le Temple Maudit,,Genres,Tour,1,Non-Testé,Indiana J. n°2,
DVD-Rom,Barnalmr,,Genres,Tour,1,Non-Testé,,pas trouvé
DVD-Rom,The Truman Show,,Genres,Tour,1,Non-Testé,,
DVD-Rom,Pearl Harbor,,Genres,Tour,1,Non-Testé,,
DVD-Rom,Cops,,Genres,Tour,1,Non-Testé,,
DVD-Rom,8 Miles,,Genres,Tour,1,Non-Testé,,
DVD-Rom,Byn,,Genres,Tour,1,Non-Testé,,pas sur illisible (effacé)
DVD-Rom,Les Goonies,,Genres,Tour,1,Non-Testé,,
DVD-Rom,Shrek Le Troisième,,Genres,Tour,1,Non-Testé,Shrek 3,
DVD-Rom,Indiana Jones Et La Dernière Croisade,,Genres,Tour,1,Non-Testé,Indiana J. n°3,
DVD-Rom,Ce Que Veulent Les Femmes,,Genres,Tour,1,Non-Testé,,
DVD-Rom,Revolver,,Genres,Tour,1,Non-Testé,,
DVD-Rom,Les Témoins,,Genres,,1,Non-Testé,,
DVD-Rom,Controle,,Genres,,1,Non-Testé,,
DVD-Rom,Traqué,,Genres,,1,Non-Testé,,
DVD-Rom,Arrête-Moi Si Tu Peux,,Genres,,1,Non-Testé,,doublon
DVD-Rom,Big Fish,,Genres,,1,Non-Testé,,
DVD-Rom,Le Machiniste,,Genres,,1,Non-Testé,,
DVD-Rom,7 Jours,,Genres,Tour,1,Non-Testé,,
DVD-Rom,4 Filles Et Un Jeans,,Genres,,1,Non-Testé,4 jeans et moi,a verifier
DVD-Rom,Katya : Victime De La Mode,,Genres,,1,Non-Testé,adorable emmerdeuse,
DVD-Rom,Elisabethteen,,Genres,,1,Non-Testé,,a check illisble
DVD-Rom,Les 3 Frères,,Genres,,1,Non-Testé,,
DVD-Rom,Emmenez-Moi,,Genres,,1,Non-Testé,,
DVD-Rom,La Folle Histoire De L'Espace,,Genres,Tour,1,Non-Testé,Spaceball,
DVD-Rom,The Eye,,Genres,Tour,1,Non-Testé,,
DVD-Rom,Chouchou,,Genres,Tour,1,Non-Testé,,
DVD-Rom,Sacré Robin Des Bois,,Genres,Tour,1,Non-Testé,,
DVD-Rom,Animal Factory,,Genres,Tour,1,Non-Testé,,
DVD-Rom,Dans Les Cordes,,Genres,Tour,1,Non-Testé,against the ropes,
DVD-Rom,Le Retour Du Roi,,Genres,Tour,2,Non-Testé,,pas trouvé cd2 seulement cd1 et pas trouvé
DVD-Rom,Le Prix Du Sang,,Genres,Tour,1,Non-Testé,,
DVD-Rom,Predator,,Genres,,1,Non-Testé,,
DVD-Rom,Watchemen,,Genres,,1,Non-Testé,,
DVD-Rom,Solomon Kane,,Genres,,1,Non-Testé,,
DVD-Rom,Tornades De Glace,,Genres,,1,Non-Testé,,
DVD-Rom,Everybody Fines,,Genres,Tour,1,Non-Testé,,
DVD-Rom,Les Deux Font La Père,,Genres,,1,Non-Testé,old dogs,
DVD-Rom,L'Attaque Du Métro 123,,Genres,Tour,1,Non-Testé,,doublon
DVD-Rom,Solomon Kane,,Genres,,1,Non-Testé,,doublon
DVD-Rom,Tolérance Zéro,,Genres,,1,Non-Testé,,doublon
DVD-Rom,Tornade De Glace,,Genres,,1,Non-Testé,,doublon
DVD-Rom,Solaris,,Genres,Tour,1,Non-Testé,,
DVD-Rom,Les 4 Fantastiques,,Genres,,1,Non-Testé,,
DVD-Rom,Spider-Man 1,,Genres,,1,Non-Testé,,
DVD-Rom,Spider Man 2,,Genres,,1,Non-Testé,,
DVD-Rom,Volte-Face,,Genres,,1,Non-Testé,volteface,
DVD-Rom,Aeon Flux,,Genres,,1,Non-Testé,,
DVD-Rom,La Momie 2,,Genres,Tour,1,Non-Testé,,
DVD-Rom,Le Ravisseur,,Genres,Tour,1,Non-Testé,,
DVD-Rom,Délivrance,,Genres,Tour,1,Non-Testé,,
DVD-Rom,The Last Samourai,,Genres,Tour,1,Non-Testé,,
DVD-Rom,Mon Nom Est Personne,,Genres,Tour,1,Non-Testé,,
DVD-Rom,Hitch,,Genres,Tour,1,Non-Testé,,
DVD-Rom,Chasing Liberty,,Genres,Tour,1,Non-Testé,,
DVD-Rom,Des Animlaux Et Des Hommes,,Spectacle,Tour,1,Non-Testé,,sketch
DVD-Rom,Rien Du Tout,,Genres,Tour,1,Non-Testé,,
